{
  "annulus": {
    "diameter_short_mm": 19.179662826809004,
    "diameter_long_mm": 23.37046836185562,
    "area_mm2": 345.15270314367876,
    "perimeter_mm": 66.99977733713698,
    "equivalent_diameter_mm": 20.963350653337084
  },
  "lvot": {
    "diameter_mm": 21.76842677883545,
    "area_mm2": 372.1722329352294
  },
  "sinus_of_valsalva": {
    "max_diameter_mm": 32.609036124329066,
    "equivalent_diameter_mm": 27.571372870193883
  },
  "stj": {
    "diameter_mm": 26.483272242264796,
    "diameter_short_mm": 25.5369060493585,
    "diameter_long_mm": 27.499840218861262
  },
  "ascending_aorta": {
    "diameter_mm": 29.357486771943783
  },
  "coronary_heights_mm": {
    "left": null,
    "right": null
  },
  "calcium_burden": {
    "threshold_hu": 130.0,
    "calc_voxels": 12114,
    "calc_volume_ml": 13.198168705437261,
    "method": "contrast_ct_hu_threshold_proxy"
  },
  "leaflet_geometry": {
    "coaptation_height_mm": 1.0145372692243557,
    "coaptation_surface_area_mm2": 53.16746184788991,
    "coaptation_level_mm": 2.362722789302404,
    "raw_coaptation_height_mm": 1.4077921675301832,
    "effective_height_mean_mm": 2.4155649267246564,
    "geometric_height_mean_mm": 4.040037518156865,
    "root_symmetry_index": 0.35730638813353455,
    "coaptation_reserve_mm": -6.584435073275344,
    "regularization": {
      "applied": true,
      "commissure_height_reference_mm": 16.434609336086382,
      "stj_height_mm": 20.228891401393458,
      "raw_coaptation_height_mm": 1.4077921675301832
    }
  }
}