{
  "annulus": {
    "diameter_short_mm": 23.940849086414786,
    "diameter_long_mm": 24.83277478097499,
    "area_mm2": 466.0084228515625,
    "perimeter_mm": 76.6198345421208,
    "equivalent_diameter_mm": 24.358578615228655
  },
  "lvot": {
    "diameter_mm": 24.358578615228655,
    "area_mm2": 466.0084228515625
  },
  "sinus_of_valsalva": {
    "max_diameter_mm": 39.65986365529072,
    "equivalent_diameter_mm": 31.141756754727222
  },
  "stj": {
    "diameter_mm": 24.8554767959698,
    "diameter_short_mm": 22.48679970096121,
    "diameter_long_mm": 27.80965365174468
  },
  "ascending_aorta": {
    "diameter_mm": 32.001010149121875
  },
  "coronary_heights_mm": {
    "left": null,
    "right": null
  },
  "calcium_burden": {
    "threshold_hu": 130.0,
    "calc_voxels": 189401,
    "calc_volume_ml": 287.18798346995067,
    "method": "contrast_ct_hu_threshold_proxy"
  },
  "leaflet_geometry": {
    "coaptation_height_mm": 32.5749143133062,
    "coaptation_surface_area_mm2": null,
    "coaptation_level_mm": 32.5749143133062,
    "raw_coaptation_height_mm": 32.5749143133062,
    "effective_height_mean_mm": 32.5749143133062,
    "geometric_height_mean_mm": 37.228473500921375,
    "root_symmetry_index": null,
    "coaptation_reserve_mm": 23.574914313306202,
    "regularization": {
      "applied": false,
      "mode": "fallback_parametric"
    }
  }
}